Workbook

Sheet Basis
A1: Dairy plant V3: basis and data sources
A2: Yellow cells with blue text are inputs (plant values of the source model); green text links to another sheet. Results are given per 1 t/h of fresh milk (kg/h = kg/t; kW = kWh/t).
A4: Parameter | B4: Value | C4: Unit | D4: Source
A5: Fresh milk processed by the reference plant | B5: 28.8 | C5: t/h | D5: IPESE dairy model (Dardor et al., 2024)
A6: Operating time | B6: 8760 | C6: h/y | D6: ROSMOSE MER runs (op_time)
A7: Reference flow of fresh milk | B7: 1 | C7: t/h | D7: Basis of all tables
A9: Data: IPESE dairy model (DWSIM simulation implemented in ROSMOSE), latest MER runs; IETS Task XXIV dairy data set.
A10: Evaporator described effect by effect; condensing and boiling streams use dTmin/2 = 2 K, liquid streams 5 K.
A11: Lumped streams: sums of source-model streams over their combined temperature range (origin in column K of the qt sheet).
A12: Utilities (steam, hot water, refrigeration, cooling water, cooling towers) are not part of the process data.
A13: Process electricity (rs_electricity): derived from Ramirez et al. (2006), Energy 31, 1984-2004; electricity share and allocation are assumptions.

Sheet rs_mass
A1: rs: material flows of variant V3
A3: Stream | B3: Direction | C3: Flow, plant (kg/h) | D3: Flow, 1 t/h of milk (kg/h) | E3: T (C)
A4: Inputs
A5: Fresh milk | B5: in | C5: 28800 | D5: =C5/Basis!$B$5*Basis!$B$7 -> 1000 | E5: 6
A6: Salt | B6: in | C6: 175.3 | D6: =C6/Basis!$B$5*Basis!$B$7 -> 6.0868056 | E6: 25
A7: Water for brining | B7: in | C7: 900 | D7: =C7/Basis!$B$5*Basis!$B$7 -> 31.25 | E7: 12
A8: Water for cleaning (CIP) | B8: in | C8: 4320 | D8: =C8/Basis!$B$5*Basis!$B$7 -> 150 | E8: 25
A9: Total in | C9: =SUM(C5:C8) -> 34195.3 | D9: =SUM(D5:D8) -> 1187.3368
A10: Outputs
A11: Cream | B11: out | C11: 1714.2 | D11: =C11/Basis!$B$5*Basis!$B$7 -> 59.520833 | E11: 4
A12: Cheese | B12: out | C12: 2024.9 | D12: =C12/Basis!$B$5*Basis!$B$7 -> 70.309028 | E12: 13
A13: Biogas (55 vol % CH4) | B13: out | C13: 340.6 | D13: =C13/Basis!$B$5*Basis!$B$7 -> 11.826389 | E13: 25
A14: Liquid fertiliser (digestate liquor) | B14: out | C14: 1841.4 | D14: =C14/Basis!$B$5*Basis!$B$7 -> 63.9375 | E14: 95
A15: Dried digestate | B15: out | C15: 1895.4 | D15: =C15/Basis!$B$5*Basis!$B$7 -> 65.8125 | E15: 100
A16: Digester wastewater and drying condensate | B16: out | C16: 4660.03 | D16: =C16/Basis!$B$5*Basis!$B$7 -> 161.8066 | E16: 25
A17: Evaporator condensate water | B17: out | C17: 12915.94 | D17: =C17/Basis!$B$5*Basis!$B$7 -> 448.47014 | E17: 65
A18: Treated water discharge | B18: out | C18: 4482.83 | D18: =C18/Basis!$B$5*Basis!$B$7 -> 155.65382 | E18: 20
A19: CIP water discharge | B19: out | C19: 4320 | D19: =C19/Basis!$B$5*Basis!$B$7 -> 150 | E19: 30
A20: Total out | C20: =SUM(C11:C19) -> 34195.3 | D20: =SUM(D11:D19) -> 1187.3368
A21: Internal flows
A22: Skimmed milk to evaporation | C22: 27085.8 | D22: =C22/Basis!$B$5*Basis!$B$7 -> 940.47917 | E22: 4
A23: Concentrated milk to cheese making | C23: 5083.2 | D23: =C23/Basis!$B$5*Basis!$B$7 -> 176.5 | E23: 4
A24: Concentrated milk losses to wastewater | C24: 104.01 | D24: =C24/Basis!$B$5*Basis!$B$7 -> 3.6114583 | E24: 4
A25: Brine to wastewater treatment | C25: 983.8 | D25: =C25/Basis!$B$5*Basis!$B$7 -> 34.159722 | E25: 13
A26: Evaporator wastewater to treatment | C26: 3532.02 | D26: =C26/Basis!$B$5*Basis!$B$7 -> 122.63958 | E26: 4
A27: Whey to the digester (diluted + concentrated) | C27: 8600.43 | D27: =C27/Basis!$B$5*Basis!$B$7 -> 298.62604 | E27: 20
A28: Sludge to the digester | C28: 137 | D28: =C28/Basis!$B$5*Basis!$B$7 -> 4.7569444 | E28: 20
A30: Closure check: total in minus total out (kg/h, plant) | C30: =C9-C20 -> 0

Sheet qt
A1: qt: thermal streams of variant V3, per 1 t/h of fresh milk
A2: Q at plant scale (input, kW) is normalised by the fresh-milk flow. Hot streams (H) must be cooled, cold streams (C) must be heated.
A4: ID | B4: Stream | C4: Type | D4: Tin (C) | E4: Tout (C) | F4: Q, plant (kW) | G4: Q, 1 t/h (kW) | H4: mCp, 1 t/h (kW/K) | I4: dTmin/2 (K) | J4: Operating time (h/y) | K4: Origin in the source model
A5: Cold streams (to be heated)
A6: C1 | B6: Pasteurisation: Fresh milk heating to pasteurisation | C6: cold | D6: 4 | E6: 75 | F6: 2199.7 | G6: =F6/Basis!$B$5*Basis!$B$7 -> 76.378472 | H6: =G6/ABS(E6-D6) -> 1.0757531 | I6: 5 | J6: =Basis!$B$6 -> 8760 | K6: HHX1 + HHX2 + HT1
A7: C2 | B7: Evaporation: Skimmed milk preheating | C7: cold | D7: 4 | E7: 70.2 | F7: 1301.6 | G7: =F7/Basis!$B$5*Basis!$B$7 -> 45.194444 | H7: =G7/ABS(E7-D7) -> 0.68269554 | I7: 5 | J7: =Basis!$B$6 -> 8760 | K7: HHX1_out to HHX4_out + HHX5_boiler_a
A8: C3 | B8: Evaporation: Effect 1, boiling (steam-heated) | C8: cold | D8: 70.2 | E8: 70.3 | F8: 3514 | G8: =F8/Basis!$B$5*Basis!$B$7 -> 122.01389 | H8: =G8/ABS(E8-D8) -> 1220.1389 | I8: 2 | J8: =Basis!$B$6 -> 8760 | K8: HHX5_boiler_b
A9: C4 | B9: Evaporation: Effect 2, boiling | C9: cold | D9: 65.3 | E9: 65.6 | F9: 2946.8 | G9: =F9/Basis!$B$5*Basis!$B$7 -> 102.31944 | H9: =G9/ABS(E9-D9) -> 341.06481 | I9: 2 | J9: =Basis!$B$6 -> 8760 | K9: HHX6_out
A10: C5 | B10: Evaporation: Effect 3, boiling | C10: cold | D10: 60.7 | E10: 61.3 | F10: 1851.1 | G10: =F10/Basis!$B$5*Basis!$B$7 -> 64.274306 | H10: =G10/ABS(E10-D10) -> 107.12384 | I10: 2 | J10: =Basis!$B$6 -> 8760 | K10: HHX7_out
A11: C6 | B11: Cheese: Concentrated milk heating for curdling | C11: cold | D11: 4 | E11: 56 | F11: 238.2 | G11: =F11/Basis!$B$5*Basis!$B$7 -> 8.2708333 | H11: =G11/ABS(E11-D11) -> 0.15905449 | I11: 5 | J11: =Basis!$B$6 -> 8760 | K11: HHX1_boiler + HHX2_boiler
A12: C7 | B12: Cheese: Brining water warming | C12: cold | D12: 12 | E12: 15.2 | F12: 3.3 | G12: =F12/Basis!$B$5*Basis!$B$7 -> 0.11458333 | H12: =G12/ABS(E12-D12) -> 0.035807292 | I12: 5 | J12: =Basis!$B$6 -> 8760 | K12: MIX1_c8
A13: C8 | B13: CIP: Make-up water heating | C13: cold | D13: 25 | E13: 60 | F13: 175.7 | G13: =F13/Basis!$B$5*Basis!$B$7 -> 6.1006944 | H13: =G13/ABS(E13-D13) -> 0.17430556 | I13: 5 | J13: =Basis!$B$6 -> 8760 | K13: MIX1_CIP1
A14: C9 | B14: CIP: Cleaning water heating | C14: cold | D14: 60 | E14: 80 | F14: 334.9 | G14: =F14/Basis!$B$5*Basis!$B$7 -> 11.628472 | H14: =G14/ABS(E14-D14) -> 0.58142361 | I14: 5 | J14: =Basis!$B$6 -> 8760 | K14: HHX1_boiler
A15: C10 | B15: Biogas: Digester feed heating | C15: cold | D15: 20 | E15: 55 | F15: 322.3 | G15: =F15/Basis!$B$5*Basis!$B$7 -> 11.190972 | H15: =G15/ABS(E15-D15) -> 0.31974206 | I15: 5 | J15: =Basis!$B$6 -> 8760 | K15: HT1_boiler
A16: C11 | B16: Biogas: Digester at 55 °C (heat losses and reaction) | C16: cold | D16: 55 | E16: 55.1 | F16: 164.9 | G16: =F16/Basis!$B$5*Basis!$B$7 -> 5.7256944 | H16: =G16/ABS(E16-D16) -> 57.256944 | I16: 5 | J16: =Basis!$B$6 -> 8760 | K16: Digester_boiler
A17: C12 | B17: Biogas: Digestate heating to drying | C17: cold | D17: 55 | E17: 95 | F17: 135.8 | G17: =F17/Basis!$B$5*Basis!$B$7 -> 4.7152778 | H17: =G17/ABS(E17-D17) -> 0.11788194 | I17: 5 | J17: =Basis!$B$6 -> 8760 | K17: HT2_boiler
A18: C13 | B18: Biogas: Digestate drying, water evaporation | C18: cold | D18: 100 | E18: 100.1 | F18: 2331.43 | G18: =F18/Basis!$B$5*Basis!$B$7 -> 80.952431 | H18: =G18/ABS(E18-D18) -> 809.52431 | I18: 2.5 | J18: =Basis!$B$6 -> 8760 | K18: HT3_b + HT3_C
B19: Total cold streams | F19: =SUM(F6:F18) -> 15519.73 | G19: =SUM(G6:G18) -> 538.87951
A20: Hot streams (to be cooled)
A21: H1 | B21: Pasteurisation: Raw milk cooling on reception | C21: hot | D21: 6 | E21: 4 | F21: 62.9 | G21: =F21/Basis!$B$5*Basis!$B$7 -> 2.1840278 | H21: =G21/ABS(E21-D21) -> 1.0920139 | I21: 5 | J21: =Basis!$B$6 -> 8760 | K21: CL1_ref
A22: H2 | B22: Pasteurisation: Pasteurised milk cooling | C22: hot | D22: 75 | E22: 4 | F22: 2106.1 | G22: =F22/Basis!$B$5*Basis!$B$7 -> 73.128472 | H22: =G22/ABS(E22-D22) -> 1.0299785 | I22: 5 | J22: =Basis!$B$6 -> 8760 | K22: CHX2 + CHX1 + CL2_ref
A23: H3 | B23: Evaporation: Effect 1 vapour, condensing | C23: hot | D23: 70.2 | E23: 69.1 | F23: 3517.8 | G23: =F23/Basis!$B$5*Basis!$B$7 -> 122.14583 | H23: =G23/ABS(E23-D23) -> 111.04167 | I23: 2 | J23: =Basis!$B$6 -> 8760 | K23: HHX6_in + HHX4_in + steamML_e19a
A24: H4 | B24: Evaporation: Effect 2 vapour, condensing | C24: hot | D24: 65.6 | E24: 65 | F24: 3011.9 | G24: =F24/Basis!$B$5*Basis!$B$7 -> 104.57986 | H24: =G24/ABS(E24-D24) -> 174.29977 | I24: 2 | J24: =Basis!$B$6 -> 8760 | K24: HHX7_in + HHX3_in + steamML_e16a + e45a
A25: H5 | B25: Evaporation: Effect 3 vapour, condensing | C25: hot | D25: 61.3 | E25: 60.1 | F25: 1889.5 | G25: =F25/Basis!$B$5*Basis!$B$7 -> 65.607639 | H25: =G25/ABS(E25-D25) -> 54.673032 | I25: 2 | J25: =Basis!$B$6 -> 8760 | K25: HHX2_in + steamML_e13a
A26: H6 | B26: Evaporation: Condensate cooling | C26: hot | D26: 69.9 | E26: 25 | F26: 610.2 | G26: =F26/Basis!$B$5*Basis!$B$7 -> 21.1875 | H26: =G26/ABS(E26-D26) -> 0.47188196 | I26: 5 | J26: =Basis!$B$6 -> 8760 | K26: steamML_e13b, e16b, e19b, e36, e45b
A27: H7 | B27: Evaporation: Concentrated milk cooling | C27: hot | D27: 61.3 | E27: 4 | F27: 268.3 | G27: =F27/Basis!$B$5*Basis!$B$7 -> 9.3159722 | H27: =G27/ABS(E27-D27) -> 0.16258241 | I27: 5 | J27: =Basis!$B$6 -> 8760 | K27: CHX1 + CL1
A28: H8 | B28: Cheese: Curd and whey cooling | C28: hot | D28: 56 | E28: 16 | F28: 63 | G28: =F28/Basis!$B$5*Basis!$B$7 -> 2.1875 | H28: =G28/ABS(E28-D28) -> 0.0546875 | I28: 5 | J28: =Basis!$B$6 -> 8760 | K28: CL1
A29: H9 | B29: Cheese: Brining, cooling side (lumped) | C29: hot | D29: 25 | E29: 13 | F29: 9.4 | G29: =F29/Basis!$B$5*Basis!$B$7 -> 0.32638889 | H29: =G29/ABS(E29-D29) -> 0.027199074 | I29: 5 | J29: =Basis!$B$6 -> 8760 | K29: CL2_ref + MIX1_c6 + MIX1_c7
A30: H10 | B30: CIP: Cleaning circuits, cooling | C30: hot | D30: 80 | E30: 75 | F30: 83.8 | G30: =F30/Basis!$B$5*Basis!$B$7 -> 2.9097222 | H30: =G30/ABS(E30-D30) -> 0.58194444 | I30: 5 | J30: =Basis!$B$6 -> 8760 | K30: CHX2_cw + CHX3_cw
A31: H11 | B31: CIP: Returned water cooling before reuse | C31: hot | D31: 75 | E31: 60 | F31: 175.9 | G31: =F31/Basis!$B$5*Basis!$B$7 -> 6.1076389 | H31: =G31/ABS(E31-D31) -> 0.40717593 | I31: 5 | J31: =Basis!$B$6 -> 8760 | K31: MIX1_CIP5
A32: H12 | B32: CIP: Spent water cooling before discharge | C32: hot | D32: 75 | E32: 30 | F32: 225.9 | G32: =F32/Basis!$B$5*Basis!$B$7 -> 7.84375 | H32: =G32/ABS(E32-D32) -> 0.17430556 | I32: 5 | J32: =Basis!$B$6 -> 8760 | K32: CHX4_cw
... A34: H14 | B34: Biogas: Drying condensate cooling | C34: hot | D34: 100 | E34: 25 | F34: 320.63 | G34: =F34/Basis!$B$5*Basis!$B$7 -> 11.132986 | H34: =G34/ABS(E34-D34) -> 0.14843981 | I34: 5 | J34: =Basis!$B$6 -> 8760 | K34: HT4_C
B35: Total hot streams | F35: =SUM(F21:F34) -> 14676.76 | G35: =SUM(G21:G34) -> 509.60972

Sheet rs_electricity
A1: rs: process electricity of the cheese line, variant V3, per 1 t/h of fresh milk
A2: Derived from sector data (Ramirez et al., 2006). Refrigeration is a utility and is excluded from the process electricity; it is shown for comparison only.
A4: Parameter | B4: Value | C4: Unit | D4: Source
A5: Specific primary energy use of cheese production | B5: 4.3 | C5: GJ/t cheese | D5: Ramirez et al. (2006), Table 7
A6: Electricity share of primary energy | B6: 0.4 | C6: - | D6: Ramirez et al. (2006), Section 5 (sector-wide share); assumption for cheese
A7: Primary energy factor of electricity | B7: 2.5 | C7: - | D7: Ramirez et al. (2006), Section 3
A8: Cooling share of primary energy (assumed fully electric) | B8: 0.19 | C8: - | D8: Ramirez et al. (2006), Table 4, cheese
A9: Compressed-air share of primary energy (assumed fully electric) | B9: 0.05 | C9: - | D9: Ramirez et al. (2006), Table 4, cheese
A10: Cheese produced per 1 t/h of milk | B10: =rs_mass!D12/1000 -> 0.070309028 | C10: t/h | D10: rs_mass sheet
A11: Electricity per tonne of cheese, all uses | B11: =B5*B6/B7/3.6*1000 -> 191.11111 | C11: kWh/t cheese
A13: Item | B13: kW at 1 t/h | C13: kW, plant | D13: Basis
A14: Electric drives: separator, pumps, agitators, curd and cheese handling, CIP pumps | B14: =B5*(B6-B8-B9)/B7/3.6*1000*B10 -> 5.3747346 | C14: =B14*Basis!$B$5 -> 154.79236 | D14: Electricity share minus cooling and compressed air
A15: Compressed air | B15: =B5*B9/B7/3.6*1000*B10 -> 1.6796046 | C15: =B15*Basis!$B$5 -> 48.372611 | D15: Compressed-air share
A16: Total process electricity | B16: =B14+B15 -> 7.0543391 | C16: =B16*Basis!$B$5 -> 203.16497 | D16: Annual (MWh/y) in cell C18
A17: For comparison only: refrigeration compressors (utility, not process data) | B17: =B5*B8/B7/3.6*1000*B10 -> 6.3824973 | C17: =B17*Basis!$B$5 -> 183.81592 | D17: Cooling share
A18: Total process electricity, plant (MWh/y) | C18: =C16*Basis!$B$6/1000 -> 1779.7251
A20: The electricity of the digestion unit is not covered by the reference and is not included; see biogas_options for the engine and the membranes.

Sheet biogas_options
A1: Biogas use options (utility choices), per 1 t/h of fresh milk
A3: Parameter | B3: Value | C3: Unit | D3: Source
A4: Biogas flow, plant | B4: 340.6 | C4: kg/h | D4: IPESE dairy model, digester output
A5: Methane mass fraction in biogas | B5: 0.31 | C5: kg/kg | D5: 55 vol % CH4 (Dardor et al., 2024)
A6: LHV of methane | B6: 50000 | C6: kJ/kg | D6: Property value
A7: Engine electrical efficiency | B7: 0.4 | C7: - | D7: IPESE biogas utility model
A8: Engine heat in flue gas, 450 to 150 C | B8: 0.22 | C8: - | D8: IPESE biogas utility model
A9: Engine heat in cooling water, 90 to 40 C | B9: 0.25 | C9: - | D9: IPESE biogas utility model
A10: Membrane upgrading electricity | B10: 0.21 | C10: kWh/m3 biogas | D10: Bauer et al. (2013)
A11: Biogas density | B11: 0.89 | C11: kg/m3 | D11: IPESE biogas utility model
A13: Quantity, 1 t/h of milk | B13: Cogeneration engine | C13: Membrane upgrading and export
A14: Biogas flow (kg/h) | B14: =B4/Basis!$B$5*Basis!$B$7 -> 11.826389 | C14: =B4/Basis!$B$5*Basis!$B$7 -> 11.826389
A15: Biogas energy, LHV (kW) | B15: =B4/Basis!$B$5*Basis!$B$7*B5*B6/3600 -> 50.919174 | C15: =B4/Basis!$B$5*Basis!$B$7*B5*B6/3600 -> 50.919174
A16: Electricity produced (+) or used (-) (kW) | B16: =B15*B7 -> 20.36767 | C16: =-B4/Basis!$B$5*Basis!$B$7/B11*B10 -> -2.7904963
A17: Heat in flue gas (kW) | B17: =B15*B8 -> 11.202218 | C17: =0 -> 0
A18: Heat in cooling water (kW) | B18: =B15*B9 -> 12.729794 | C18: =0 -> 0
A19: Biomethane exported (kW) | B19: =0 -> 0 | C19: =C15 -> 50.919174

Sheet targets
A1: Reference targets for the 27 streams of the qt sheet
A2: Problem-table results with the dTmin/2 of each stream, given as values to check your own calculation.
A4: Quantity | B4: 1 t/h (kW) | C4: Plant (kW) | D4: Plant (MWh/y)
A5: Total heating demand (cold streams) | B5: 538.87951 | C5: =B5*Basis!$B$5 -> 15519.73 | D5: =C5*Basis!$B$6/1000 -> 135952.83
A6: Total cooling demand (hot streams) | B6: 509.60972 | C6: =B6*Basis!$B$5 -> 14676.76 | D6: =C6*Basis!$B$6/1000 -> 128568.42
A7: Minimum hot utility | B7: 146.22468 | C7: =B7*Basis!$B$5 -> 4211.2709 | D7: =C7*Basis!$B$6/1000 -> 36890.733
A8: Minimum cold utility | B8: 116.95489 | C8: =B8*Basis!$B$5 -> 3368.3009 | D8: =C8*Basis!$B$6/1000 -> 29506.316
A9: of which below ambient (refrigeration) | B9: 14.136836 | C9: =B9*Basis!$B$5 -> 407.14087 | D9: =C9*Basis!$B$6/1000 -> 3566.554
A10: Maximum heat recovery | B10: 392.65483 | C10: =B10*Basis!$B$5 -> 11308.459 | D10: =C10*Basis!$B$6/1000 -> 99062.102
A11: Pinch temperature, shifted (C) | B11: 67.3
A13: Consistency check with the qt sheet (should be 0.0)
A14: Heating demand: targets minus qt total | B14: =ROUND(B5-qt!G19,1) -> 0
A15: Cooling demand: targets minus qt total | B15: =ROUND(B6-qt!G35,1) -> 0
A16: Energy balance: (Qh - Qc) minus (heating - cooling) | B16: =ROUND((B7-B8)-(B5-B6),1) -> 0
