Workbook

Sheet Basis
A1: Brewery V0: basis and data sources
A2: Yellow cells with blue text are inputs (plant values of the source); green text links to another sheet. Results are given per 1 t/h of beer (kg/h = kg/t; kW = kWh/t).
A4: Parameter | B4: Value | C4: Unit | D4: Source
A5: Beer produced by the reference plant | B5: 68.6855 | C5: t/h | D5: Maréchal et al. (2013): 19.0793 kg/s
A6: Operating time | B6: 8760 | C6: h/y | D6: IPESE ROSMOSE brewery model (op_time)
A7: Reference flow of beer | B7: 1 | C7: t/h | D7: Basis of all tables
A9: Data: Maréchal, Sachan, Salgueiro (2013), Application of process integration methodologies in the brewing industry, Handbook of Process Integration, Woodhead (Table 27.5, Figs 27.3 to 27.7).
A10: dTmin/2 = 5 K for liquid streams and 2 K for wort evaporation and vapour condensation; isothermal streams have a 0.1 K span.
A11: Corrections to the source (pasteurisation at 70 C, whirlpool make-up water, dilution water) are listed in the case study, section Data basis.
A12: Utilities (steam, hot water, glycol-water, ammonia refrigeration, cooling water) are not part of the process data.
A13: Process electricity (rs_electricity): IFC (2007) benchmark and Galitsky et al. (2003) shares; midpoints and beer density are assumptions.

Sheet qt
A1: qt: thermal streams of variant V0, per 1 t/h of beer
A2: Q at plant scale (input, kW) is normalised by the beer flow. Hot streams (H) must be cooled, cold streams (C) must be heated.
A4: ID | B4: Stream | C4: Type | D4: Tin (C) | E4: Tout (C) | F4: Q, plant (kW) | G4: Q, 1 t/h (kW) | H4: mCp, 1 t/h (kW/K) | I4: dTmin/2 (K) | J4: Operating time (h/y) | K4: Origin in the source (Table 27.5)
A5: Cold streams (to be heated)
A6: C1 | B6: Mashing: Water to the mash cooker (MAK) | C6: cold | D6: 15 | E6: 51.5 | F6: 369.9 | G6: =F6/Basis!$B$5*Basis!$B$7 -> 5.3854161 | H6: =G6/ABS(E6-D6) -> 0.14754565 | I6: 5 | J6: =Basis!$B$6 -> 8760 | K6: Water-MAK
A7: C2 | B7: Mashing: Water to the mash tun (MAT) | C7: cold | D7: 15 | E7: 54.5 | F7: 823.6 | G7: =F7/Basis!$B$5*Basis!$B$7 -> 11.990886 | H7: =G7/ABS(E7-D7) -> 0.30356673 | I7: 5 | J7: =Basis!$B$6 -> 8760 | K7: Water-MAT
A8: C3 | B8: Mashing: Mash heating in MAK and MAT (lumped) | C8: cold | D8: 48 | E8: 65 | F8: 608.7 | G8: =F8/Basis!$B$5*Basis!$B$7 -> 8.8621325 | H8: =G8/ABS(E8-D8) -> 0.52130191 | I8: 5 | J8: =Basis!$B$6 -> 8760 | K8: MAK-Heating + MAT-Heating
A9: C4 | B9: Mashing: Combined mash heating | C9: cold | D9: 65 | E9: 75 | F9: 368.4 | G9: =F9/Basis!$B$5*Basis!$B$7 -> 5.3635775 | H9: =G9/ABS(E9-D9) -> 0.53635775 | I9: 5 | J9: =Basis!$B$6 -> 8760 | K9: MAT+MAK
A10: C5 | B10: Lautering: Sparge water heating | C10: cold | D10: 15 | E10: 80 | F10: 1608.9 | G10: =F10/Basis!$B$5*Basis!$B$7 -> 23.424158 | H10: =G10/ABS(E10-D10) -> 0.36037166 | I10: 5 | J10: =Basis!$B$6 -> 8760 | K10: Water-Filter
A11: C6 | B11: Wort boiling: Wort heating to boiling | C11: cold | D11: 78 | E11: 105 | F11: 1662.9 | G11: =F11/Basis!$B$5*Basis!$B$7 -> 24.21035 | H11: =G11/ABS(E11-D11) -> 0.89667963 | I11: 5 | J11: =Basis!$B$6 -> 8760 | K11: WOK - Boiling
A12: C7 | B12: Wort boiling: Wort boiling, water evaporation | C12: cold | D12: 105 | E12: 105.1 | F12: 3319.8 | G12: =F12/Basis!$B$5*Basis!$B$7 -> 48.333345 | H12: =G12/ABS(E12-D12) -> 483.33345 | I12: 2 | J12: =Basis!$B$6 -> 8760 | K12: WOK - Evaporation
A13: C8 | B13: Whirlpool: Make-up water heating | C13: cold | D13: 15 | E13: 80 | F13: 377.933 | G13: =F13/Basis!$B$5*Basis!$B$7 -> 5.5023695 | H13: =G13/ABS(E13-D13) -> 0.084651838 | I13: 5 | J13: =Basis!$B$6 -> 8760 | K13: Centrifuge (load recomputed, see Data basis)
A14: C9 | B14: CIP: Hot water for cleaning in place | C14: cold | D14: 15 | E14: 80 | F14: 1841.1 | G14: =F14/Basis!$B$5*Basis!$B$7 -> 26.804784 | H14: =G14/ABS(E14-D14) -> 0.41238129 | I14: 5 | J14: =Basis!$B$6 -> 8760 | K14: CIP
A15: C10 | B15: Beer treatment: Concentrated beer warming before dilution | C15: cold | D15: 1 | E15: 15 | F15: 783.8964 | G15: =F15/Basis!$B$5*Basis!$B$7 -> 11.412837 | H15: =G15/ABS(E15-D15) -> 0.81520263 | I15: 5 | J15: =Basis!$B$6 -> 8760 | K15: Beer preheating (flow after CO2 release)
A16: C11 | B16: Beer treatment: Pasteurisation heating | C16: cold | D16: 15 | E16: 70 | F16: 4107.2731 | G16: =F16/Basis!$B$5*Basis!$B$7 -> 59.798256 | H16: =G16/ABS(E16-D16) -> 1.087241 | I16: 5 | J16: =Basis!$B$6 -> 8760 | K16: Pasteurization heating (to 70 C)
A17: C12 | B17: Bottle washing: Soda bath heating | C17: cold | D17: 65 | E17: 85 | F17: 251.9 | G17: =F17/Basis!$B$5*Basis!$B$7 -> 3.6674407 | H17: =G17/ABS(E17-D17) -> 0.18337204 | I17: 5 | J17: =Basis!$B$6 -> 8760 | K17: Soda Bath Temperature
... A21: C16 | B21: Bottle washing: Final rinse water heating | C21: cold | D21: 35 | E21: 60 | F21: 399.34 | G21: =F21/Basis!$B$5*Basis!$B$7 -> 5.8140364 | H21: =G21/ABS(E21-D21) -> 0.23256146 | I21: 5 | J21: =Basis!$B$6 -> 8760 | K21: Final Rinse Water make up
B22: Total cold streams | F22: =SUM(F6:F21) -> 18352.643 | G22: =SUM(G6:G21) -> 267.19821
A23: Hot streams (to be cooled)
A24: H1 | B24: Wort boiling: Boiling vapour, condensation (with desuperheating) | C24: hot | D24: 100.1 | E24: 100 | F24: 3505.1 | G24: =F24/Basis!$B$5*Basis!$B$7 -> 51.031149 | H24: =G24/ABS(E24-D24) -> 510.31149 | I24: 2 | J24: =Basis!$B$6 -> 8760 | K24: Vapour - Recovery 105-100 + 100-100
A25: H2 | B25: Wort boiling: Vapour condensate cooling | C25: hot | D25: 100 | E25: 25 | F25: 482.8 | G25: =F25/Basis!$B$5*Basis!$B$7 -> 7.0291401 | H25: =G25/ABS(E25-D25) -> 0.093721868 | I25: 5 | J25: =Basis!$B$6 -> 8760 | K25: Vapour - Recovery 100-25
A26: H3 | B26: Wort cooling: Wort cooling to pitching temperature | C26: hot | D26: 102.5 | E26: 10 | F26: 5434.6 | G26: =F26/Basis!$B$5*Basis!$B$7 -> 79.122959 | H26: =G26/ABS(E26-D26) -> 0.85538334 | I26: 5 | J26: =Basis!$B$6 -> 8760 | K26: Wort-Cooling
A27: H4 | B27: Fermentation: Fermentation at 10 C (heat of fermentation) | C27: hot | D27: 10 | E27: 9.9 | F27: 534.8 | G27: =F27/Basis!$B$5*Basis!$B$7 -> 7.786214 | H27: =G27/ABS(E27-D27) -> 77.86214 | I27: 5 | J27: =Basis!$B$6 -> 8760 | K27: Fermentation
A28: H5 | B28: Maturation: Cooling to maturation temperature | C28: hot | D28: 10 | E28: 6 | F28: 233.8 | G28: =F28/Basis!$B$5*Basis!$B$7 -> 3.4039208 | H28: =G28/ABS(E28-D28) -> 0.85098019 | I28: 5 | J28: =Basis!$B$6 -> 8760 | K28: Cooling
A29: H6 | B29: Maturation: Maturation at 6 C | C29: hot | D29: 6 | E29: 5.9 | F29: 425.5 | G29: =F29/Basis!$B$5*Basis!$B$7 -> 6.1949029 | H29: =G29/ABS(E29-D29) -> 61.949029 | I29: 5 | J29: =Basis!$B$6 -> 8760 | K29: Maturing
A30: H7 | B30: Chillage: Beer chilling | C30: hot | D30: 6 | E30: 1 | F30: 714.5 | G30: =F30/Basis!$B$5*Basis!$B$7 -> 10.402487 | H30: =G30/ABS(E30-D30) -> 2.0804973 | I30: 5 | J30: =Basis!$B$6 -> 8760 | K30: Chilling
A31: H8 | B31: Chillage: Chillage at 1 C | C31: hot | D31: 1 | E31: 0.9 | F31: 427.7 | G31: =F31/Basis!$B$5*Basis!$B$7 -> 6.2269329 | H31: =G31/ABS(E31-D31) -> 62.269329 | I31: 5 | J31: =Basis!$B$6 -> 8760 | K31: Chillage
A32: H9 | B32: Beer treatment: Pasteurised beer cooling | C32: hot | D32: 70 | E32: 5 | F32: 4858.4 | G32: =F32/Basis!$B$5*Basis!$B$7 -> 70.733998 | H32: =G32/ABS(E32-D32) -> 1.0882153 | I32: 5 | J32: =Basis!$B$6 -> 8760 | K32: Pasteurization cooling
A33: H10 | B33: Bottle washing: Soda bath rinse water cooling | C33: hot | D33: 85 | E33: 60 | F33: 472.7 | G33: =F33/Basis!$B$5*Basis!$B$7 -> 6.882093 | H33: =G33/ABS(E33-D33) -> 0.27528372 | I33: 5 | J33: =Basis!$B$6 -> 8760 | K33: Soda Bath Rinse - Out
A34: H11 | B34: Bottle washing: Pre-rinse water to wastewater, cooling | C34: hot | D34: 40 | E34: 20 | F34: 713.7 | G34: =F34/Basis!$B$5*Basis!$B$7 -> 10.390839 | H34: =G34/ABS(E34-D34) -> 0.51954197 | I34: 5 | J34: =Basis!$B$6 -> 8760 | K34: Pre Rinse - Out
B35: Total hot streams | F35: =SUM(F24:F34) -> 17803.6 | G35: =SUM(G24:G34) -> 259.20464

Sheet rs_mass
A1: rs: material flows of variant V0
A3: Stream | B3: Direction | C3: Flow, plant (kg/h) | D3: Flow, 1 t/h of beer (kg/h) | E3: T (C)
A4: Inputs
A5: Malt | B5: in | C5: 9608.04 | D5: =C5/Basis!$B$5*Basis!$B$7 -> 139.88455 | E5: 15
A6: Corn (adjunct) | B6: in | C6: 790.92 | D6: =C6/Basis!$B$5*Basis!$B$7 -> 11.515094 | E6: 15
A7: Water for mashing (MAK and MAT) | B7: in | C7: 26664.12 | D7: =C7/Basis!$B$5*Basis!$B$7 -> 388.20595 | E7: 15
A8: Sparge water | B8: in | C8: 21286.8 | D8: =C8/Basis!$B$5*Basis!$B$7 -> 309.91694 | E8: 15
A9: Make-up water at the whirlpool | B9: in | C9: 5000.4 | D9: =C9/Basis!$B$5*Basis!$B$7 -> 72.801392 | E9: 15
A10: Dilution water | B10: in | C10: 16299.208 | D10: =C10/Basis!$B$5*Basis!$B$7 -> 237.30203 | E10: 15
A11: Water for cleaning in place | B11: in | C11: 24361.2 | D11: =C11/Basis!$B$5*Basis!$B$7 -> 354.67748 | E11: 15
A12: Soda (NaOH) for bottle washing | B12: in | C12: 1373.76 | D12: =C12/Basis!$B$5*Basis!$B$7 -> 20.000728 | E12: 15
A13: Water for bottle washing (soda bath, pre-rinse, final rinse) | B13: in | C13: 30093.84 | D13: =C13/Basis!$B$5*Basis!$B$7 -> 438.13964 | E13: 15
A14: Total in | C14: =SUM(C5:C13) -> 135478.29 | D14: =SUM(D5:D13) -> 1972.4438
A15: Outputs
A16: Beer | B16: out | C16: 68685.48 | D16: =C16/Basis!$B$5*Basis!$B$7 -> 999.99971 | E16: 5
A17: Spent grains (dregs) | B17: out | C17: 2729.88 | D17: =C17/Basis!$B$5*Basis!$B$7 -> 39.744633 | E17: 75
A18: Vapour from wort boiling | B18: out | C18: 5562 | D18: =C18/Basis!$B$5*Basis!$B$7 -> 80.97779 | E18: 100
A19: Trub | B19: out | C19: 110.16 | D19: =C19/Basis!$B$5*Basis!$B$7 -> 1.603832 | E19: 100
A20: CO2 from fermentation | B20: out | C20: 2561.9684 | D20: =C20/Basis!$B$5*Basis!$B$7 -> 37.299989 | E20: 10
A21: Hot water to cleaning in place | B21: out | C21: 24361.2 | D21: =C21/Basis!$B$5*Basis!$B$7 -> 354.67748 | E21: 80
A22: Bottle-washing wastewater | B22: out | C22: 31467.6 | D22: =C22/Basis!$B$5*Basis!$B$7 -> 458.14036 | E22: 20
A23: Total out | C23: =SUM(C16:C22) -> 135478.29 | D23: =SUM(D16:D22) -> 1972.4438
A24: Internal flows
A25: Mash to lautering | C25: 37063.08 | D25: =C25/Basis!$B$5*Basis!$B$7 -> 539.60559 | E25: 75
A26: Wort to boiling | C26: 55620 | D26: =C26/Basis!$B$5*Basis!$B$7 -> 809.7779 | E26: 78
A27: Wort to fermentation | C27: 54948.24 | D27: =C27/Basis!$B$5*Basis!$B$7 -> 799.99767 | E27: 10
A28: Concentrated beer to dilution | C28: 52386.272 | D28: =C28/Basis!$B$5*Basis!$B$7 -> 762.69768 | E28: 1
A30: Closure check: total in minus total out (kg/h, plant) | C30: =C14-C23 -> 0

Sheet rs_electricity
A1: rs: process electricity of variant V0, per 1 t/h of beer
A2: Derived from sector data. Refrigeration and the boiler house are utilities: they are shown for comparison only.
A4: Parameter | B4: Value | C4: Unit | D4: Source
A5: Specific electricity use of large breweries (midpoint of 7.5 to 11.5) | B5: 9.5 | C5: kWh/hl | D5: IFC (2007), Table 3, from EC (2006)
A6: Beer density | B6: 1.01 | C6: kg/L | D6: Assumption
A7: Specific electricity use, all uses | B7: =B5/(B6*0.1) -> 94.059406 | C7: kWh/t beer
A9: Item | B9: Share midpoint (%) | C9: kW at 1 t/h | D9: kW, plant | E9: Basis (Galitsky et al., 2003, Table 4)
A10: Packaging (filling, labelling, conveyors) | B10: 25 | C10: =$B$7*B10/SUM($B$10:$B$16)*Basis!$B$7 -> 21.672674 | D10: =C10*Basis!$B$5/Basis!$B$7 -> 1488.5985 | E10: 15 to 35 %
A11: Compressed air | B11: 10 | C11: =$B$7*B11/SUM($B$10:$B$16)*Basis!$B$7 -> 8.6690697 | D11: =C11*Basis!$B$5/Basis!$B$7 -> 595.43938 | E11: 10 %
A12: Brewhouse (mill, pumps, agitators, lauter tun) | B12: 7.5 | C12: =$B$7*B12/SUM($B$10:$B$16)*Basis!$B$7 -> 6.5018023 | D12: =C12*Basis!$B$5/Basis!$B$7 -> 446.57954 | E12: 5 to 10 %
A13: Lighting | B13: 6 | C13: =$B$7*B13/SUM($B$10:$B$16)*Basis!$B$7 -> 5.2014418 | D13: =C13*Basis!$B$5/Basis!$B$7 -> 357.26363 | E13: 6 %
A14: Other (pumps, ventilation, wastewater) | B14: 20 | C14: =$B$7*B14/SUM($B$10:$B$16)*Basis!$B$7 -> 17.338139 | D14: =C14*Basis!$B$5/Basis!$B$7 -> 1190.8788 | E14: 10 to 30 %
A15: Refrigeration (utility, comparison only) | B15: 35 | C15: =$B$7*B15/SUM($B$10:$B$16)*Basis!$B$7 -> 30.341744 | D15: =C15*Basis!$B$5/Basis!$B$7 -> 2084.0378 | E15: 30 to 40 %
A16: Boiler house (utility, comparison only) | B16: 5 | C16: =$B$7*B16/SUM($B$10:$B$16)*Basis!$B$7 -> 4.3345348 | D16: =C16*Basis!$B$5/Basis!$B$7 -> 297.71969 | E16: 5 %
A17: Total process electricity | C17: =SUM(C10:C14) -> 59.383127 | D17: =C17*Basis!$B$5/Basis!$B$7 -> 4078.7598
A18: Total process electricity, plant (MWh/y) | D18: =D17*Basis!$B$6/1000 -> 35729.936

Sheet targets
A1: Reference targets for the 27 streams of the qt sheet
A2: Problem-table results with the dTmin/2 of each stream.
A4: Quantity | B4: 1 t/h (kW) | C4: Plant (kW) | D4: Plant (MWh/y)
A5: Total heating demand (cold streams) | B5: 267.1983 | C5: =B5*Basis!$B$5 -> 18352.649 | D5: =C5*Basis!$B$6/1000 -> 160769.2
A6: Total cooling demand (hot streams) | B6: 259.2047 | C6: =B6*Basis!$B$5 -> 17803.604 | D6: =C6*Basis!$B$6/1000 -> 155959.57
A7: Minimum hot utility | B7: 67.788 | C7: =B7*Basis!$B$5 -> 4656.0527 | D7: =C7*Basis!$B$6/1000 -> 40787.021
A8: Minimum cold utility | B8: 59.7944 | C8: =B8*Basis!$B$5 -> 4107.0083 | D8: =C8*Basis!$B$6/1000 -> 35977.392
A9: of which below ambient (refrigeration) | B9: 51.5547 | C9: =B9*Basis!$B$5 -> 3541.0603 | D9: =C9*Basis!$B$6/1000 -> 31019.689
A10: Maximum heat recovery | B10: 199.4103 | C10: =B10*Basis!$B$5 -> 13696.596 | D10: =C10*Basis!$B$6/1000 -> 119982.18
A11: Pinch temperature, shifted (C) | B11: 20
A12: Process electricity (rs_electricity) | B12: =rs_electricity!C17 -> 59.383127 | C12: =B12*Basis!$B$5 -> 4078.7598 | D12: =C12*Basis!$B$6/1000 -> 35729.936
A14: Consistency check with the qt sheet (should be 0.0)
A15: Heating demand: targets minus qt total | B15: =ROUND(B5-qt!G22,1) -> 0
A16: Cooling demand: targets minus qt total | B16: =ROUND(B6-qt!G35,1) -> 0
A17: Energy balance: (Qh - Qc) minus (heating - cooling) | B17: =ROUND((B7-B8)-(B5-B6),1) -> 0
